"","cost","gamma","kernel"
"1",7.0351853389293,2.96451444039121,"radial"
