"","cost","gamma","coef0","kernel"
"1",0.000168110093414256,0.00534892591572804,1,"sigmoid"
